Store Name,Suburb,Address,Postcode,State,SiteDataID,latitude,longitude,Key Facilities
Nelson Junction Woolworths,Nelson,33 Cadillac Way,7010,NSN,4166071,-41.2977069,173.241518,None listed
Nelson Woolworths,Nelson,35 St Vincent Street,7010,NSN,1225552,-41.2727,173.2773,"ATM, Fresh flowers, Rug Doctor"
Trafalgar Park Woolworths,Nelson,Cnr Paru paru Rd & Halifax St,7010,NSN,2810937,-41.2702,173.2815,"Fresh flowers, Rug Doctor"
Stoke Woolworths,Stoke,Cnr Putaitai Street & Main Road,7011,NSN,2367135,-41.3117,173.2338,"Fresh flowers, Rug Doctor"
Richmond Woolworths,Richmond,"144 Salisbury Rd, Richmond",7020,NSN,2723227,-41.3342,173.2018,EV Charging
Motueka Woolworths,Motueka,108 High Street,7120,TAS,767216,-41.1097,173.011,Rug Doctor
Springlands Woolworths,Blenheim,133 Middle Renwick Road,7201,MBH,2367143,-41.5092,173.9351,"Fresh flowers, Rug Doctor, Supergold card"
Blenheim Woolworths,Blenheim,51 Arthur Street,7201,MBH,950553,-41.5136,173.9543,"ATM, Fresh flowers, Rug Doctor, Supergold card"
Redwoodtown Woolworths,Blenheim,Cnr Weld St & Alabama Rd,7201,MBH,2811032,-41.5297,173.9552,"Fresh flowers, Rug Doctor, Supergold card"
Karori Woolworths,Karori,"Karori Shopping Centre, Karori Road",6012,WGN,1230169,-41.2843,174.7386,"Fresh flowers, Rug Doctor, Soft plastic recycling"
Crofton Downs Woolworths,Crofton Downs,124 Churchill Drive,6035,WGN,630366,-41.2572,174.7659,"Fresh flowers, Rug Doctor, Soft plastic recycling"
Cable Car Lane Woolworths,Wellington,280 - 284 LAMBTON QUAY,6011,WGN,953090,-41.2843,174.7743,Fresh flowers
Newtown Woolworths,Mount Cook,3 John Street,6021,WGN,2449151,-41.3075,174.7771,"Fresh flowers, Rug Doctor, Soft plastic recycling"
Kilbirnie Woolworths,Kilbirnie,47 Bay Road,6022,WGN,2810998,-41.3195,174.7946,"Fresh flowers, Rug Doctor, Soft plastic recycling, Supergold card"
Johnsonville Mall Woolworths,Johnsonville,Moorefield Road,6037,WGN,311319,-41.223,174.8051,"Fresh flowers, Rug Doctor"
Johnsonville Woolworths,Johnsonville,71 Johnsonville Road,6037,WGN,1646608,-41.2241,174.808,"ATM, Fresh flowers, Rug Doctor"
Tawa Woolworths,Tawa,5 William Earp Place,5028,WGN,565356,-41.1865,174.8308,"ATM, Fresh flowers, Rug Doctor"
Porirua Woolworths,Porirua,Cnr Parumoana St & Lyttleton Avenue,5022,WGN,350711,-41.1339,174.8413,"ATM, Fresh flowers, Rug Doctor, Supergold card"
Petone Woolworths,Petone,45 Jackson Street,5012,WGN,1228590,-41.2229,174.8722,"Fresh flowers, Rug Doctor, Soft plastic recycling, Supergold card"
Aotea Woolworths,Porirua,"3A Whitford Brown Ave, Papakowhai",5024,WGN,1050811,-41.1202,174.8668,"Fresh flowers, Rug Doctor"
Lower Hutt Woolworths,Lower Hutt,261 High Street,5010,WGN,2749937,-41.2074,174.9059,"ATM, Fresh flowers, Rug Doctor"
Queensgate Woolworths,Lower Hutt,"Queensgate Shopping Centre, 35 Bloomfield Terrace",5010,WGN,1226949,-41.2104,174.908,"Fresh flowers, Rug Doctor, Supergold card"
Wainuiomata Woolworths,Lower Hutt,"9 Te Ara Raukura, Upper Hutt, 5014",5014,WGN,1230110,-41.2607,174.9437,Supergold card
Paraparaumu Woolworths,Paraparaumu,Coastlands Shopping Centre,5032,WGN,1123870,-40.9174,175.0055,"Fresh flowers, Rug Doctor, Supergold card"
Upper Hutt Woolworths,Upper Hutt,13-19 Queen Street,5372,WGN,1223959,-41.1227,175.071,"ATM, Fresh flowers, Rug Doctor, Supergold card"
Waikanae Woolworths,Waikanae,Ngaio Road,5391,WGN,2373716,-40.8763,175.0652,"Fresh flowers, Rug Doctor, Supergold card"
Levin Woolworths,Levin,Cnr Bristol & Stanley Sts,5510,MWT,2770183,-40.6203,175.2868,"Fresh flowers, Rug Doctor, Supergold card"
Hawera Woolworths,Hawera,39 Nelson St,4610,TKI,951739,-39.5874,174.2823,"Fresh flowers, Rug Doctor, Soft plastic recycling, Supergold card"
Masterton Woolworths,Masterton,Cnr Workshop & Queen Sts,5810,WGN,2729838,-40.9525,175.6589,"Fresh flowers, Rug Doctor, Supergold card"
Greymouth Woolworths,Greymouth,174 Mawhera Quay,7805,WTC,764300,-42.4487,171.2141,"Fresh flowers, Rug Doctor"
Victoria Ave Woolworths,Wanganui,433 Victoria Ave,4500,MWT,2373711,-39.925,175.0381,"Fresh flowers, Rug Doctor, Supergold card"
Whanganui Woolworths,Whanganui,"Trafalgar Sqr, Cnr Taupo Quay & Wilson Street",4500,MWT,2770231,-39.9358,175.0532,"ATM, Fresh flowers, Rug Doctor, Supergold card"
Amberley Woolworths,Amberley,"Brakensfield Retail Centre, 129 Carters Road",7410,CAN,861615,-43.1569,172.7301,"Fresh flowers, Rug Doctor, Supergold card"
Awapuni Woolworths,Palmerston North,520 Pioneer Highway,4412,MWT,3175333,-40.3703,175.5804,Supergold card
Rangitikei St Woolworths,Palmerston North,Cnr Rangitikei & Featherston St,4471,MWT,1230175,-40.3503,175.6065,"Fresh flowers, Rug Doctor"
Palmerston North Woolworths,Palmerston North,Cnr Ferguson & Ashley Streets,4410,MWT,2686683,-40.3578,175.615,"Fresh flowers, Rug Doctor, Supergold card"
Palmerston North Broadway Woolworths,Palmerston North,Cnr Albert & Main St,4410,MWT,1226867,-40.35,175.6238,"Fresh flowers, Rug Doctor"
Feilding Woolworths,Feilding,Cnr Kimbolton & Welds Streets,4702,MWT,1155534,-40.2252,175.5686,"Fresh flowers, Rug Doctor, Supergold card"
Kelvin Grove Woolworths,"Kelvin Grove, Palmerston North",7 Fernlea Ave,4414,MWT,1093410,-40.3301,175.6534,"ATM, Fresh flowers, Rug Doctor"
Stratford Woolworths,Stratford,21A - 27 Broadway,4332,TKI,855866,-39.3272,174.2795,"Fresh flowers, Rug Doctor, Soft plastic recycling"
Rangiora East Woolworths,"Rangiora, Christchurch",40-54 Ivory Street,7400,CAN,2811341,-43.3074,172.5989,"ATM, Fresh flowers, Rug Doctor, Supergold card"
Waimakariri Junction Woolworths,"Kaiapoi, Waimakariri",6 Hakarau Road,7630,CAN,3838267,-43.3766,172.6481,None listed
Kaiapoi Woolworths,Kaiapoi,87-97 Hilton Street,7630,CAN,1225688,-43.3854,172.658,"ATM, Fresh flowers, Rug Doctor, Supergold card"
Belfast Woolworths,"Belfast, Christchurch",755 Main North Road,8051,CAN,3385698,-43.4483,172.6297,"Fresh Bakery, Liquor, Seafood, Supergold card"
Spotswood Woolworths,New Plymouth,Cnr Manadon St & South Rd,4310,TKI,1235353,-39.0759,174.0339,"ATM, Fresh flowers, Rug Doctor, Soft plastic recycling"
Vogeltown Woolworths,"Vogeltown, New Plymouth",30 Hori Street,4310,MWT,1600666,-39.0776,174.0829,"ATM, Fresh flowers, Rug Doctor, Soft plastic recycling"
Northlands Woolworths,"Papanui, Christchurch",Cnr Main North Rd & Sawyers Arms Rd,8051,CAN,1225718,-43.4917,172.6116,"Fresh flowers, Rug Doctor, Supergold card"
New Brighton Woolworths,"New Brighton, Christchurch",12 Hawke Street,8083,CAN,2621512,-43.5067,172.7298,"Fresh flowers, Rug Doctor, Supergold card"
New Plymouth Central Woolworths,New Plymouth,174 Courtenay Street,4310,TKI,840286,-39.0564,174.0823,"ATM, Fresh flowers, Rug Doctor, Soft plastic recycling"
The Palms Woolworths,Shirley,"The Palms Plaza, Marshland Road",8061,CAN,1233474,-43.5054,172.6643,"Fresh flowers, Rug Doctor, Supergold card"
Christchurch Airport Woolworths,Christchurch,530 - 546A Memorial Avenue,8053,CAN,1203274,-43.4899,172.5477,"ATM, Fresh flowers, Rug Doctor, Soft plastic recycling, Supergold card"
The Valley Woolworths,"Waiwhakaiho, New Plymouth","The Valley Mega Centre, 1 Vickers Road",4312,TKI,2727190,-39.0475,174.115,"Fresh flowers, Rug Doctor, Soft plastic recycling"
Avonhead Woolworths,Avonhead,Cnr Withells Road & Merrin St,8042,CAN,2447192,-43.5112,172.5573,"Fresh flowers, Rug Doctor, Seafood, Soft plastic recycling, Supergold card"
Eastgate Woolworths,"Linwood, Christchurch",6 Buckleys Rd,8062,CAN,2810806,-43.5323,172.6297,"Fresh flowers, Rug Doctor, Supergold card"
Moorhouse Ave Woolworths,Christchurch,347 Moorhouse Ave,8011,CAN,1229208,-43.5387,172.6417,"Fresh flowers, Rug Doctor, Soft plastic recycling, Supergold card"
Church Corner Woolworths,"Riccarton, Christchurch",Cnr Riccarton Road & Hansons Lane,8041,CAN,1188758,-43.5327,172.573,"ATM, Fresh flowers, Rug Doctor, Soft plastic recycling, Supergold card"
Ferrymead Woolworths,"Ferrymead, Christchurch",999 Ferry Rd,8023,CAN,2176651,-43.5569,172.7023,"Fresh flowers, Rug Doctor, Supergold card"
Woolworths Colombo St,Christchurch,219 Colombo Street,8023,CAN,1188761,-43.5533,172.6356,"ATM, Fresh flowers, Rug Doctor, Soft plastic recycling, Supergold card"
Hornby Woolworths,"Hornby, Christchurch",17 Chappie Place,8042,CAN,1352617,-43.5428,172.527,"ATM, Fresh flowers, Rug Doctor, Soft plastic recycling, Supergold card"
Rolleston Woolworths,"Rolleston, Christchurch",Cnr Mccauley St & Rolleston Dr,7614,CAN,2741638,-43.594,172.3861,"Fresh flowers, Rug Doctor, Soft plastic recycling, Supergold card"
Waipukurau Woolworths,Waipukurau,Rautaniwha St,4200,HKB,951715,-39.9954,176.5576,"Fresh flowers, Rug Doctor"
Ashburton Woolworths,Ashburton,Cnr East & Peter Streets,7700,CAN,1155526,-43.902,171.7519,"ATM, Fresh flowers, Rug Doctor, Supergold card"
Ashburton South Woolworths,Ashburton,2 South St,7700,CAN,1155560,-43.9085,171.7418,"ATM, Fresh flowers, Rug Doctor, Supergold card"
Flaxmere Woolworths,Flaxmere,4 Swansea Road,4120,HKB,null,-39.624811,176.78653,"Fresh Bakery, Fresh flowers, Liquor, Rug Doctor, Seafood"
Hastings Woolworths,Hastings,301 Queen Street West,4122,HKB,2942598,-39.6388,176.8421,"Fresh flowers, Rug Doctor"
Carlyle Woolworths,Napier,33 Carlyle Street,4110,HKB,2770176,-39.4928,176.9113,"ATM, Fresh flowers, Rug Doctor, Supergold card"
Napier Woolworths,Napier,Cnr Munroe & Dickens Streets,4110,HKB,2442758,-39.4928,176.9138,"ATM, Rug Doctor, Supergold card"
Taupo South Woolworths,Taupo,16 Kokomea Village Drive,3330,WKO,3456126,-38.722,176.0793,"Fresh Bakery, Liquor, Seafood"
Taupo Central Woolworths,Taupo,Cnr of Spa Rd and Tongariro St,3330,WKO,4141080,-38.6826,176.0713,"Fresh Bakery, Fresh flowers"
Otorohanga Woolworths,Ototohanga,119-123 Maniapoto St,3900,WKO,2359781,-38.19,175.2099,"Fresh flowers, Rug Doctor"
Timaru North Woolworths,Timaru,"The Showgrounds, 233 Evans Street",7910,CAN,3605672,-44.3718,171.2423,"Fresh Bakery, Liquor, Seafood"
Timaru Woolworths,Timaru,9 Browne Street,7910,CAN,2791733,-44.4026,171.2539,"ATM, Fresh flowers, Rug Doctor"
Te Awamutu Woolworths,Te Awamutu,180 Sloane Street,3800,WKO,2791362,-38.0118,175.3259,"ATM, Fresh flowers, Rug Doctor"
Tokoroa Woolworths,Tokoroa,12 - 20 O'Sullivan Dr,3420,WKO,942745,-38.222,175.8737,"Fresh flowers, Rug Doctor"
Putaruru Woolworths,Putaruru,Tirau Street,3411,WKO,946342,-38.0473,175.7806,"Fresh flowers, Rug Doctor"
Cambridge Woolworths,Cambridge,Cnr Queen & Empire Streets,3434,WKO,1332617,-37.8923,175.4702,"ATM, Fresh flowers, Rug Doctor"
Dinsdale Woolworths,"Dinsdale, Hamilton",47 Whatawhata Road,3204,WKO,1060362,-37.7964,175.2454,"Fresh flowers, Rug Doctor, Soft plastic recycling"
Bridge Street Woolworths,Hamilton,Cnr Bridge & Anglesea Street,3204,WKO,1207646,-37.7934,175.2863,"ATM, EV Charging, Fresh flowers, Rug Doctor"
Hamilton Woolworths,Hamilton,Cnr Anglesea & Liverpool Streets,3204,WKO,2673966,-37.7813,175.2734,"EV Charging, Fresh flowers, Rug Doctor"
Claudelands Woolworths,Hamilton East,160 Peachgrove Road,3216,WKO,904435,-37.7785,175.299,"EV Charging, Fresh flowers, Rug Doctor, Soft plastic recycling"
Te Rapa Woolworths,"Te Rapa, Hamilton",8 Eagle Way,3200,WKO,1101675,-37.7464,175.2343,"ATM, Fresh flowers, Rug Doctor, Soft plastic recycling"
Chartwell Woolworths,"Chartwell, Hamilton","Chartwell Mall, Lyndon Court",3210,WKO,264573,-37.7505,175.278,"Fresh flowers, Rug Doctor"
St James Woolworths,"Rototuna, Hamilton",Cnr Hukunui & Thomas Rds,3210,WKO,1225694,-37.7322,175.2732,"Fresh flowers, Rug Doctor"
Rototuna Woolworths,Rototuna North,3 Fergy Place,3210,WKO,1878751,-37.7232,175.2595,"EV Charging, Fresh flowers, Rug Doctor, Soft plastic recycling"
Rotorua Woolworths,Rotorua,246 Fenton Street,3010,BOP,2768262,-38.1427,176.254,"ATM, Fresh flowers, Rug Doctor, Soft plastic recycling, Supergold card"
Fairy Springs Woolworths,Rotorua,54 Fairy Springs Road,3015,BOP,904436,-38.1201,176.228,"ATM, Fresh flowers, Rug Doctor, Supergold card"
Matamata Woolworths,Matamata,Cnr Arawa & Gouk Sts,3400,WKO,911335,-37.8088,175.774,"Fresh flowers, Rug Doctor, Soft plastic recycling"
Huntly Woolworths,Huntly,16 - 18 Tumate Mahuta Drive,3700,WKO,933798,-37.5641,175.1585,"EV Charging, Fresh flowers, Rug Doctor, Soft plastic recycling"
Morrinsville Woolworths,Morrinsville,66 Studholme Street,3300,WKO,1244356,-37.6569,175.5276,"Fresh flowers, Rug Doctor"
Te Aroha Woolworths,Te Aroha,85 Whitaker Street,3320,BOP,2373720,-37.545,175.7139,"Fresh flowers, Rug Doctor"
Oamaru Woolworths,Oamaru,108-116 Thames St,9400,OTA,1203129,-45.0971,170.9704,"Fresh flowers, Rug Doctor"
Bethlehem Woolworths,Tauranga,19 Bethlehem Road,3110,BOP,1222024,-37.6947,176.1088,"ATM, Fresh flowers, Rug Doctor, Soft plastic recycling, Supergold card"
Fraser Cove Woolworths,Tauranga,"Fraser Cover Shopping Centre, 229 - 233 Fraser St",3112,BOP,1225707,-37.7141,176.1513,"ATM, Fresh flowers, Rug Doctor, Supergold card"
Tauranga Woolworths,Tauranga,618 Cameron Road,3112,BOP,2682132,-37.7004,176.1577,"Fresh flowers, Rug Doctor, Supergold card"
Te Puke Woolworths,Te Puke,Cnr Queen & Boucher St,3119,BOP,913417,-37.7846,176.3251,"Fresh flowers, Rug Doctor, Supergold card"
Katikati Woolworths,Katikati,123 - 131 Main Road,3129,BOP,913420,-37.5597,175.9158,"Fresh flowers, Rug Doctor, Supergold card"
Pokeno Woolworths,Pokeno,58 Great South Road,2402,WKO,2563753,-37.2453,175.0225,"EV Charging, Fresh flowers, Rug Doctor, Scan and go"
Bureta Park Woolworths,Tauranga,"44 - 50 Bureta Rd, Otumoetai",3110,BOP,1175393,-37.6683,176.1533,"ATM, Fresh flowers, Rug Doctor, Supergold card"
Pukekohe South Woolworths,Pukekohe,186-192 Manukau Rd,2120,AUK,1213289,-37.2106,174.9113,"ATM, Fresh flowers, Rug Doctor, Soft plastic recycling"
Pukekohe Woolworths,Pukekohe,Cnr Tobin & Seddon Sts,2120,AUK,2686431,-37.1996,174.9022,"ATM, Fresh flowers, Rug Doctor"
Bayfair Woolworths,"Mt Maunganui, Tauranga","Bayfair Shopping Centre, 1 - 19 Givern Rd",3116,BOP,1497678,-37.6757,176.2241,"Fresh flowers, Rug Doctor, Supergold card"
Papamoa Woolworths,Papamoa,"Papamoa Shopping Centre, Domain Rd, Royal Palm Beach",3118,BOP,1478443,-37.699,176.2838,"Fresh flowers, Rug Doctor, Supergold card"
Paeroa Woolworths,Paeroa,27 Belmont Road,3600,WKO,1475732,-37.3784,175.6681,"Fresh flowers, Rug Doctor"
Papakura Woolworths,Papakura,2 Averill Street,2110,AUK,1224936,-37.0636,174.9442,"ATM, Fresh flowers, Rug Doctor, Soft plastic recycling"
Roselands Mall Woolworths,Papakura,"90-96 Great South Road, Papakura",2110,AUK,2313141,-37.0589,174.9412,"ATM, Fresh flowers, Rug Doctor, Soft plastic recycling"
Whakatane Woolworths,Whakatane,105-125 Commerce St,3120,BOP,2768276,-37.9561,176.9949,"ATM, Fresh flowers, Rug Doctor, Soft plastic recycling"
Takanini Woolworths,Takanini,228 Great South Road,2112,AUK,480066,-37.0476,174.9271,"ATM, Fresh flowers, Liquor, Rug Doctor, Soft plastic recycling"
Waiata Shores Woolworths,Takanini,2 Periko Way,2112,AUK,3059814,-37.036,174.9057,Liquor
Manurewa Woolworths,Manurewa,227 Browns Road,2102,AUK,1906083,-37.0177,174.8649,"ATM, Fresh flowers, Rug Doctor"
Auckland Airport Woolworths,Mangere,Cnr Georgebolt Memorial & Cnr John Goulter Dr,2022,AUK,1189112,-36.9976,174.789,"ATM, Fresh flowers, Rug Doctor"
Manukau City Mall Woolworths,Manukau,"Shop 99 Manukau City Centre, Cnr Great South & Wiri Station Rds",2104,AUK,1906072,-36.9929,174.8822,"Fresh flowers, Rug Doctor, Soft plastic recycling"
Manukau Woolworths,Manukau,652 Great South Road,2104,AUK,1225677,-36.987,174.8838,"ATM, Fresh flowers, Rug Doctor, Soft plastic recycling"
Mangere East Woolworths,Mangere,359 Massey Rd,2024,AUK,1600626,-36.9667,174.8251,"ATM, Fresh flowers, Rug Doctor, Soft plastic recycling"
Papatoetoe Woolworths,Papatoetoe,"Hunters Plaza, 217 Great South Rd",2025,AUK,1225052,-36.971,174.8605,"Fresh flowers, Rug Doctor"
Lynfield Woolworths,Lynfield,570 Hillsborough Road,1041,AUK,1225554,-36.9256,174.7231,"ATM, Fresh flowers, Rug Doctor, Soft plastic recycling"
Kelston Woolworths,Glen Eden,Cnr Great North & West Coast Road,602,AUK,1237272,-36.9096,174.6635,"Fresh flowers, Rug Doctor"
Lynnmall Woolworths,New Lynn,"Lynnmall Shopping Centre, Great North Road",600,AUK,1225559,-36.9073,174.6843,"Fresh flowers, Rug Doctor, Soft plastic recycling"
Onehunga Woolworths,"Onehunga, Auckland",Cnr Church St & Selwyn St,1061,AUK,1225560,-36.9231,174.7832,"Fresh flowers, Rug Doctor"
Mount Roskill Woolworths,"Mt Roskill, Auckland",112 Stoddard Road,1041,AUK,1906079,-36.9042,174.727,"ATM, Fresh flowers, Rug Doctor, Soft plastic recycling"
Three Kings Woolworths,"Three Kings, Auckland",532 Mt Albert Road,1042,AUK,1740953,-36.9093,174.7551,"ATM, Fresh flowers, Rug Doctor, Soft plastic recycling"
Henderson Woolworths,Henderson,"West City Shopping Centre, 7 Catherine Street",612,AUK,1230712,-36.8808,174.6328,"Fresh flowers, Rug Doctor, Soft plastic recycling"
Gisborne Woolworths,Gisborne,109-115 Carnarvon St,4010,GIS,2768257,-38.6619,178.0182,"Fresh Bakery, Liquor, Seafood"
Botany Downs Woolworths,Botany Downs,Cnr Te Irirangi & Ti Rakau Drives,2010,AUK,1225547,-36.9299,174.9112,"ATM, Fresh flowers, Rug Doctor, Soft plastic recycling"
Mount Wellington Woolworths,Mt Wellington,Cnr Penrose Rd & Mt Wellington Hway,1060,AUK,1239981,-36.9094,174.8372,"ATM, Fresh flowers, Rug Doctor, Soft plastic recycling"
Te Atatu South Woolworths,Te Atatu South,Cnr Edmonton & Te Atatu Roads,610,AUK,1232007,-36.8657,174.6463,"ATM, Fresh flowers, Rug Doctor"
St Lukes Woolworths,"Mt Albert, Auckland","Saint Lukes Shopping Centre, Cnr St Lukes Rd & Morningside Dr",1025,AUK,1225566,-36.8838,174.7342,"Fresh flowers, Rug Doctor, Soft plastic recycling"
Pakuranga Woolworths,Pakuranga,Pakuranga Town Centre,2010,AUK,1488544,-36.913,174.8686,"Fresh flowers, Rug Doctor"
Lincoln Road Woolworths,Henderson,185-187 Universal Drive,610,AUK,620844,-36.8569,174.6314,"ATM, Fresh flowers, Rug Doctor, Soft plastic recycling, Supergold card"
Greenlane Woolworths,"Greenlane, Auckland",326 Great South Road,1051,AUK,577581,-36.8893,174.7937,"ATM, Fresh flowers, Rug Doctor, Soft plastic recycling"
Pt Chevalier Woolworths,"Point Chevalier, Auckland",13 Pt Chevalier Road,1022,AUK,882224,-36.8698,174.7102,"ATM, Fresh flowers, Rug Doctor, Scan and go, Soft plastic recycling"
Mount Eden Woolworths,"Mt Eden, Auckland",Cnr Valley & Dominion Roads,1024,AUK,1906076,-36.8773,174.7516,"ATM, Fresh flowers, Rug Doctor, Soft plastic recycling"
Meadowlands Woolworths,Howick,Cnr Meadowlands Drive & Whitford Road,2014,AUK,1906069,-36.9135,174.929,"Fresh flowers, Rug Doctor, Soft plastic recycling"
Newmarket Woolworths,Newmarket,"Level 3, Westfield Newmarket, 277 Broadway, Newmarket",1023,AUK,1768531,-36.8719,174.7763,"Fresh flowers, Rug Doctor, Soft plastic recycling"
Highland Park Woolworths,Highland Park,507 Pakuranga Road,2010,AUK,1224920,-36.8995,174.9082,"ATM, Fresh flowers, Rug Doctor, Soft plastic recycling"
Te Atatu Woolworths,Te Atatu Peninsula,583 Te Atatu Road,610,AUK,1230141,-36.8426,174.6525,"ATM, Fresh flowers, Rug Doctor, Soft plastic recycling"
Meadowbank Woolworths,Meadowbank,35-47 St Johns Road,1072,AUK,1237264,-36.8759,174.8276,"Fresh flowers, Rug Doctor"
Grey Lynn Woolworths,"Grey Lynn, Auckland",271 Richmond Rd,1022,AUK,1906063,-36.8546,174.7318,"ATM, Fresh flowers, Rug Doctor, Scan and go, Soft plastic recycling"
Ponsonby Woolworths,Ponsonby,4 Williamson Ave,1021,AUK,1996677,-36.8585,174.7489,"Fresh flowers, Rug Doctor, Scan and go, Soft plastic recycling"
St Johns Woolworths,St Johns,130-140 Felton Mathew Avenue,1072,AUK,1906087,-36.8794,174.852,"ATM, Fresh flowers, Rug Doctor, Soft plastic recycling"
Howick Woolworths,Howick,35 Cook St,2014,AUK,1237277,-36.8959,174.9328,"Fresh flowers, Rug Doctor, Supergold card"
Metro Herne Bay,Herne Bay,1 Kelmarna Avenue,1011,AUK,null,-36.8465,174.7335,None listed
Westgate Woolworths,Massey,"Westgate Shopping Centre, Cnr Westgate & Fern Hill Drive",614,AUK,592572,-36.8209,174.6141,"ATM, Fresh flowers, Rug Doctor"
Northwest Woolworths,"Westgate, Massey","7 Fred Taylor Drive, Northwest Town Centre",814,AUK,1230704,-36.8197,174.6113,"Fresh flowers, Rug Doctor, Soft plastic recycling"
Metro Auckland Victoria Street West,Auckland,19-25 Victoria Street,1010,AUK,882226,-36.8486,174.7647,"Fresh flowers, Rug Doctor"
Metro Halsey Street,Auckland Central,"104 Pakenham Street West,Auckland Central 1010",1010,AUK,null,-36.8432,174.7554,Fresh flowers
Metro Albert Street Woolworths,Auckland,"AMP Centre, Ground Floor",1010,AUK,null,-36.8436,174.7654,None listed
Auckland City Woolworths,Auckland,76 Quay Street,1010,AUK,1906035,-36.845,174.773,"Fresh flowers, Rug Doctor, Scan and go, Soft plastic recycling"
Beachlands Woolworths,Beachlands,129 Beachlands Rd,2018,AUK,1109324,-36.8898,175.0083,"Fresh flowers, Rug Doctor, Soft plastic recycling"
Hobsonville Woolworths,Hobsonville,124 Hobsonville Road,618,AUK,1223854,-36.7974,174.6474,"Fresh flowers, Rug Doctor, Soft plastic recycling"
Birkenhead Woolworths,Birkenhead,Cnr Highbury Pass & Birkenhead Ave,626,AUK,2124460,-36.8113,174.7248,"Fresh flowers, Rug Doctor, Soft plastic recycling"
Northcote Woolworths,Northcote,Pearn Crescent,627,AUK,2124747,-36.8003,174.7448,"ATM, Fresh flowers, Rug Doctor, Soft plastic recycling"
Glenfield Woolworths,Glenfield,"Glenfield Mall, Bentley Ave",629,AUK,1190273,-36.7818,174.7229,"Fresh flowers, Rug Doctor, Soft plastic recycling"
Takapuna Woolworths,Takapuna,Barry's Point Road,0622,AUK,1229219,-36.7913,174.7655,"ATM, Fresh flowers, Rug Doctor, Soft plastic recycling"
Milford Woolworths,Milford,"Milford Shopping Centre, Milford Rd",620,AUK,473644,-36.772,174.7661,"Fresh flowers, Rug Doctor, Soft plastic recycling, Supergold card"
Sunnynook Woolworths,Sunnynook,Cnr Sycamore Dr & Sunnynook Rd,620,AUK,1231998,-36.759,174.7408,"ATM, Fresh flowers, Rug Doctor, Soft plastic recycling"
Mairangi Bay Woolworths,Mairangi Bay,3 Ramsgate Terrace,630,AUK,2373714,-36.739,174.7526,"Fresh flowers, Rug Doctor"
Greville Road Woolworths,Pinehill,65 Greville Road,632,AUK,3105636,-36.7309,174.7222,"Fresh Bakery, Liquor, Scan and go, Seafood"
Helensville Woolworths,Helensville,43 Commercial Road,800,AUK,870058,-36.6772,174.4506,"Fresh flowers, Rug Doctor, Soft plastic recycling"
Waiheke Island Woolworths,Ostend,"13 - 19 Belgium St, Waiheke Island",1081,AUK,4156860,-36.795,175.0459,"ATM, EV Charging, Fresh flowers, Rug Doctor, Soft plastic recycling"
Browns Bay Woolworths,Browns Bay,Cnr Anzac & Clyde Rds,630,AUK,2683184,-36.7175,174.7474,"Fresh flowers, Rug Doctor, Soft plastic recycling, Supergold card"
Whangaparaoa Woolworths,Whangaparaoa,Cnr Whangaparaoa & Wade Drive,943,AUK,1248095,-36.6365,174.7466,"Fresh flowers, Rug Doctor, Soft plastic recycling, Supergold card"
Silverdale Woolworths,Silverdale,40 Hibiscus Coast Highway,932,AUK,2673963,-36.6139,174.6807,"ATM, Fresh flowers, Rug Doctor, Soft plastic recycling, Supergold card"
Orewa Woolworths,Orewa,Moenui Avenue,931,AUK,1225662,-36.5883,174.6961,"ATM, Fresh flowers, Rug Doctor, Soft plastic recycling, Supergold card"
Whitianga Woolworths,Whitianga,24 Joan Gaskell Drive,3510,WKO,2791350,-36.8337,175.6944,"Fresh flowers, Rug Doctor"
Alexandra Woolworths,Alexandra,106 Centennial Avenue,9320,OTA,3496448,-45.2491,169.3853,"Fresh Bakery, Liquor, Seafood"
Queenstown Woolworths,"Frankton, Queenstown",30 Grant Rd,9300,OTA,2811065,-45.0136,168.7418,"Fresh flowers, Rug Doctor"
Warkworth Woolworths,Warkworth,20 - 26 Neville Street,910,AUK,1716255,-36.3995,174.6643,"Fresh flowers, Rug Doctor, Supergold card"
Dunedin Central Woolworths,Dunedin,309 Cumberland Street,9016,OTA,1226961,-45.8742,170.5064,"ATM, Fresh flowers, Rug Doctor, Supergold card"
Mailer St Woolworths,Dunedin,43 Mailer Street,9011,OTA,2655603,-45.881,170.4796,"Fresh flowers, Rug Doctor"
Dunedin South Woolworths,Dunedin,323 Andersons Bay Road,9012,OTA,2791790,-45.8926,170.5027,"Fresh flowers, Rug Doctor"
Andersons Bay Woolworths,Dunedin,560 Andersons Bay Road,9012,OTA,2810973,-45.8967,170.5092,"ATM, Fresh flowers, Rug Doctor"
Mosgiel Woolworths,"Mosgiel, Dunedin",55 Gordon Rd,9024,OTA,2791816,-45.8806,170.3519,"Fresh flowers, Rug Doctor, Supergold card"
Dargaville Woolworths,Dargaville,"Dargaville Plaza, Victoria St",310,NTL,2683237,-35.9394,173.8729,"ATM, Fresh flowers, Rug Doctor, Soft plastic recycling, Supergold card"
Balclutha Woolworths,Balclutha,8 - 12 Clyde Street,9230,OTA,3274314,-46.2369,169.7408,"Liquor, Seafood"
Whangarei Woolworths,Whangarei,"Whangarei Retail Centre, Okara Drive",110,NTL,2686464,-35.7308,174.3273,"ATM, Fresh flowers, Rug Doctor, Soft plastic recycling"
Regent Woolworths,"Regent, Whangarei",11 Kamo Road,112,NTL,727699,-35.7146,174.3227,"Fresh flowers, Rug Doctor, Soft plastic recycling, Supergold card"
Tikipunga Woolworths,"Tikipunga, Whangarei",Cnr Paramount Parade & Wanaka St,112,NTL,1225046,-35.6832,174.321,"ATM, Fresh flowers, Rug Doctor, Soft plastic recycling, Supergold card"
Gore Woolworths,Gore,24 Medway Street,9710,STL,2810884,-46.0985,168.9441,"ATM, Rug Doctor"
Kaikohe Woolworths,Kaikohe,37 Station Road,405,NTL,1235338,-35.4099,173.7978,"Fresh flowers, Rug Doctor, Soft plastic recycling, Supergold card"
Waitangi Woolworths,Paihia,9 Puketona Road,204,NTL,1488276,-35.2792,174.0813,"Fresh flowers, Rug Doctor"
Kerikeri Woolworths,Kerikeri,Cnr Kerikeri & Butler Rds,230,NTL,2673967,-35.2291,173.9459,"Fresh flowers, Rug Doctor, Supergold card"
Waikiwi Woolworths,"Waikiwi, Invercargill",Cnr North Road & Durham Street,9810,STL,1488549,-46.3751,168.3471,"Fresh flowers, Rug Doctor"
Invercargill Woolworths,Invercargill,172 Tay Street,9810,STL,1799246,-46.4122,168.3582,"ATM, Fresh flowers, Rug Doctor, Supergold card"
